{
  "products": [
    {
      "id": "elec-001",
      "name": "Wireless Headphones",
      "category": "electronics",
      "price": 22397.2,
      "image": "images/wireless-headphones.webp",
      "description": "Premium wireless headphones with active noise cancellation, 30-hour battery life, and superior sound quality. Perfect for music lovers and commuters."
    },
    {
      "id": "elec-002",
      "name": "Smart Watch",
      "category": "electronics",
      "price": 69997.2,
      "image": "images/smart-watch.webp",
      "description": "Feature-rich smartwatch with fitness tracking, heart rate monitor, GPS, and smartphone notifications. Stay connected and healthy."
    },
    {
      "id": "elec-003",
      "name": "Bluetooth Speaker",
      "category": "electronics",
      "price": 16797.2,
      "image": "images/bluetooth-speaker.webp",
      "description": "Portable Bluetooth speaker with 360-degree sound, waterproof design, and 12-hour battery life. Great for outdoor adventures."
    },
    {
      "id": "elec-004",
      "name": "Laptop Stand",
      "category": "electronics",
      "price": 11197.2,
      "image": "images/laptop-stand.webp",
      "description": "Ergonomic aluminum laptop stand with adjustable height and angle. Improve your posture and workspace comfort."
    },
    {
      "id": "elec-005",
      "name": "USB-C Hub",
      "category": "electronics",
      "price": 13997.2,
      "image": "images/usb-c-hub.webp",
      "description": "Multi-port USB-C hub with HDMI, USB 3.0, SD card reader, and power delivery. Expand your laptop's connectivity."
    },
    {
      "id": "toy-001",
      "name": "Building Blocks",
      "category": "toys",
      "price": 9797.2,
      "image": "images/building-blocks.webp",
      "description": "Creative building blocks set with 500 pieces. Develop problem-solving skills and imagination. Suitable for ages 5+."
    },
    {
      "id": "toy-002",
      "name": "Remote Control Car",
      "category": "toys",
      "price": 12597.2,
      "image": "images/remote-control-car.webp",
      "description": "High-speed remote control car with 2.4GHz technology, LED lights, and durable construction. Hours of racing fun!"
    },
    {
      "id": "toy-003",
      "name": "Puzzle Set",
      "category": "toys",
      "price": 5597.2,
      "image": "images/puzzle-set.webp",
      "description": "Educational puzzle set with 3 different difficulty levels. Enhance cognitive skills and hand-eye coordination."
    },
    {
      "id": "toy-004",
      "name": "Action Figure",
      "category": "toys",
      "price": 6997.2,
      "image": "images/action-figure.webp",
      "description": "Highly detailed action figure with multiple points of articulation and accessories. Collectible and poseable."
    },
    {
      "id": "toy-005",
      "name": "Stuffed Bear",
      "category": "toys",
      "price": 8397.2,
      "image": "images/stuffed-bear.webp",
      "description": "Soft and cuddly stuffed bear made from hypoallergenic materials. Perfect companion for children of all ages."
    },
    {
      "id": "home-001",
      "name": "Coffee Maker",
      "category": "home-kitchen",
      "price": 25197.2,
      "image": "images/coffee-maker.webp",
      "description": "Programmable coffee maker with 12-cup capacity, auto-brew feature, and keep-warm function. Start your day right!"
    },
    {
      "id": "home-002",
      "name": "Blender",
      "category": "home-kitchen",
      "price": 19597.2,
      "image": "images/blender.webp",
      "description": "Powerful 1000W blender with multiple speed settings and stainless steel blades. Make smoothies, soups, and more."
    },
    {
      "id": "home-003",
      "name": "Knife Set",
      "category": "home-kitchen",
      "price": 15397.2,
      "image": "images/knife-set.webp",
      "description": "Professional 6-piece knife set with ergonomic handles and protective sheaths. Essential for any kitchen."
    },
    {
      "id": "home-004",
      "name": "Storage Containers",
      "category": "home-kitchen",
      "price": 8397.2,
      "image": "images/storage-containers.webp",
      "description": "Set of 10 airtight storage containers in various sizes. Keep your food fresh and organized."
    },
    {
      "id": "home-005",
      "name": "Dish Rack",
      "category": "home-kitchen",
      "price": 9797.2,
      "image": "images/dish-rack.webp",
      "description": "Rust-resistant dish rack with cutlery holder and draining board. Efficient drying and space-saving design."
    },
    {
      "id": "sport-001",
      "name": "Yoga Mat",
      "category": "sports-outdoors",
      "price": 6997.2,
      "image": "images/yoga-mat.webp",
      "description": "Non-slip yoga mat with extra cushioning and carrying strap. Perfect for yoga, pilates, and stretching exercises."
    },
    {
      "id": "sport-002",
      "name": "Dumbbell Set",
      "category": "sports-outdoors",
      "price": 18197.2,
      "image": "images/dumbbell-set.webp",
      "description": "Adjustable dumbbell set with weights ranging from 5-25 lbs. Compact home gym solution for strength training."
    },
    {
      "id": "sport-003",
      "name": "Water Bottle",
      "category": "sports-outdoors",
      "price": 5597.2,
      "image": "images/water-bottle.webp",
      "description": "Insulated stainless steel water bottle keeps drinks cold for 24 hours. Leak-proof and BPA-free."
    },
    {
      "id": "sport-004",
      "name": "Camping Tent",
      "category": "sports-outdoors",
      "price": 41997.2,
      "image": "images/camping-tent.webp",
      "description": "4-person camping tent with waterproof design, easy setup, and ventilation windows. Perfect for outdoor adventures."
    },
    {
      "id": "sport-005",
      "name": "Bicycle Helmet",
      "category": "sports-outdoors",
      "price": 11197.2,
      "image": "images/bicycle-helmet.webp",
      "description": "Lightweight bicycle helmet with adjustable fit system and multiple vents. Safety certified for all riding styles."
    },
    {
      "id": "book-001",
      "name": "Mystery Novel",
      "category": "books-media",
      "price": 4197.2,
      "image": "images/mystery-novel.webp",
      "description": "Gripping mystery thriller that will keep you on the edge of your seat. Bestselling author's latest masterpiece."
    },
    {
      "id": "book-002",
      "name": "Cookbook",
      "category": "books-media",
      "price": 6997.2,
      "image": "images/cookbook.webp",
      "description": "Comprehensive cookbook with 200+ recipes from around the world. Beautiful photography and easy-to-follow instructions."
    },
    {
      "id": "book-003",
      "name": "Graphic Novel",
      "category": "books-media",
      "price": 5597.2,
      "image": "images/graphic-novel.webp",
      "description": "Award-winning graphic novel with stunning artwork and compelling storytelling. Perfect for comic enthusiasts."
    },
    {
      "id": "book-004",
      "name": "Vinyl Record",
      "category": "books-media",
      "price": 8397.2,
      "image": "images/vinyl-record.webp",
      "description": "Classic album remastered on 180g vinyl. Experience your favorite music with authentic analog sound."
    },
    {
      "id": "book-005",
      "name": "Audiobook Player",
      "category": "books-media",
      "price": 22397.2,
      "image": "images/audiobook-player.webp",
      "description": "Dedicated audiobook player with 32GB storage, Bluetooth connectivity, and 20-hour battery life. Listen anywhere!"
    },
    {
      "id": "prem-001",
      "name": "Designer Lamp Light",
      "category": "home-kitchen",
      "price": 600.0,
      "image": "images/card_lamplights.jpg",
      "description": "Elegant designer lamp light to illuminate your space with warmth and style."
    },
    {
      "id": "prem-001-set3",
      "name": "Designer Lamp Lights (Set of 3)",
      "category": "home-kitchen",
      "price": 1500.0,
      "image": "images/card_lamplights.jpg",
      "description": "Value pack of 3 elegant designer lamp lights."
    },
    {
      "id": "prem-002",
      "name": "Butterfly Ring",
      "category": "toys",
      "price": 400.0,
      "image": "images/card_butterflyrings.jpg",
      "description": "Exquisite butterfly ring, crafted with attention to detail."
    },
    {
      "id": "prem-002-set5",
      "name": "Butterfly Rings (Set of 5)",
      "category": "toys",
      "price": 1200.0,
      "image": "images/card_butterflyrings.jpg",
      "description": "Value pack of 5 exquisite butterfly rings."
    },
    {
      "id": "prem-003",
      "name": "Roses Boutique",
      "category": "home-kitchen",
      "price": 2000.0,
      "image": "images/card_flowers.jpg",
      "description": "Fresh, hand-picked artisan flower bouquet. Brings nature's beauty and fragrance directly to your home."
    },
    {
      "id": "prem-004",
      "name": "Minimalist Flower Pot",
      "category": "home-kitchen",
      "price": 300.0,
      "image": "images/card_flowerpots.jpg",
      "description": "Minimalist flower pot. Sleek design that complements any indoor plant collection."
    },
    {
      "id": "prem-004-set3",
      "name": "Flower Pots (Set of 3)",
      "category": "home-kitchen",
      "price": 700.0,
      "image": "images/card_flowerpots.jpg",
      "description": "Set of 3 minimalist flower pots."
    },
    {
      "id": "prem-005",
      "name": "Modern Wall Art",
      "category": "home-kitchen",
      "price": 400.0,
      "image": "images/card_wallart.jpg",
      "description": "Contemporary modern wall art piece. Adds a sophisticated touch and artistic flair to any wall."
    },
    {
      "id": "prem-mug-001",
      "name": "Custom Printed Mug",
      "category": "home-kitchen",
      "price": 600.0,
      "image": "images/mug_printing_1.jpg",
      "description": "High-quality ceramic mug with your custom name or text printed on it. Perfect for gifts or personal use."
    },
    {
      "id": "prem-heart-001",
      "name": "Heart Shaped Lights",
      "category": "home-kitchen",
      "price": 800.0,
      "image": "images/heart_shape.jpg",
      "description": "Add a romantic glow to your room with these beautiful heart-shaped lights. Perfect for creating a cozy and loving atmosphere."
    }
  ]
}
